Name,Price,Colours,Sizes
adidas Originals Samba OG,£95.00,Default,N/A
adidas Originals Campus 00s,£90.00,Default,N/A
adidas Originals Campus 00s,£90.00,Default,N/A
adidas Originals Handball Spezial,£90.00,Default,N/A
Nike Air Max 95,£185.00,Default,N/A
Nike Air Max 95,£175.00,Default,N/A
Nike Air Max 95 Ultra,£175.00,Default,N/A
Nike Air Max 95,£175.00,Default,N/A
adidas Originals Adilette Aqua Slides Women's,£20.00,Default,N/A
The North Face Base Camp Slides,£40.00,Default,N/A
Crocs Classic Clog,£50.00,Default,N/A
Nike Victori One Slides,£33.00,Default,N/A
Nike Air Max 95 Ultra,£175.00,Default,N/A
Nike Air Force 1 Low,£110.00,Default,N/A
Nike Air Force 1 '07,£110.00,Default,N/A
HOKA Elevon 2,£130.00,Default,N/A
Jordan Air 1 Low,£120.00,Default,N/A
Jordan Air 1 Mid,£130.00,Default,N/A
Jordan Air 1 Mid,£130.00,Default,N/A
Jordan Air 4 Retro OG,£190.00,Default,N/A
Nike Air Force 1 Tech,£120.00,Default,N/A
Nike Air Max TL 2.5,£165.00,Default,N/A
Nike Dunk Low,£110.00,Default,N/A
Nike Victori One Slides,£33.00,Default,N/A
New Balance 9060,£160.00,Default,N/A
New Balance 1906R,£140.00,Default,N/A
New Balance 9060,£160.00,Default,N/A
New Balance 9060,£160.00,Default,N/A
On Running Cloudsurfer Next,£140.00,Default,N/A
On Running Cloudswift 3,£150.00,Default,N/A
On Running Cloudsurfer Next,£140.00,Default,N/A
On Running Cloudrunner 2 Waterproof,£160.00,Default,N/A
adidas Originals Climacool 1,£110.00,Default,N/A
adidas Originals Climacool 1,£110.00,Default,N/A
adidas Originals Climacool 1,£110.00,Default,N/A
adidas Originals Climacool 1,£110.00,Default,N/A
Salomon XT-6,£165.00,Default,N/A
Salomon XT-6,£165.00,Default,N/A
Salomon XT-6 Women's,£165.00,Default,N/A
Salomon XT-Pathway 2,£120.00,Default,N/A
Vans Hylane,£85.00,Default,N/A
Vans Old Skool Checkerboard,£80.00,Default,N/A
Vans Knu Skool Flames,£80.00,Default,N/A
Vans 66/99/19 Rowley Classic,£70.00,Default,N/A
Converse Chuck Taylor All Star Ox,£60.00,Default,N/A
Converse Chuck Taylor All Star High,£65.00,Default,N/A
Converse Chuck Taylor All Star High,£65.00,Default,N/A
Converse CL98,£85.00,Default,N/A
adidas Adizero Evo SL,£130.00,Default,N/A
adidas Adizero Evo SL,£130.00,Default,N/A
adidas Adizero Evo SL,£130.00,Default,N/A
adidas Adizero Evo SL,£130.00,Default,N/A
Nike Gato,£90.00,Default,N/A
Nike Air Max TL 2.5,£165.00,Default,N/A
Nike Dunk Low BTTYS,£110.00,Default,N/A
Nike Air Force 1 Low,£110.00,Default,N/A
Nike Air Force 1 Low,£110.00,Default,N/A
Nike Dunk Low,£110.00,Default,N/A
adidas Originals Handball Spezial,£90.00,Default,N/A
Jordan Spizike Low,£155.00,Default,N/A
McKenzie Parkin,£55.00,Default,N/A
Nike Reax 8 TR,£80.00,Default,N/A
McKenzie Morris,£55.00,Default,N/A
adidas Originals Gazelle,£85.00,Default,N/A
Nike Air Max Alpha Trainer 6,£80.00,Default,N/A
The North Face Basecamp Slides,£40.00,Default,N/A
adidas Adilette Aqua Slides,£20.00,Default,N/A
Nike Dunk Low,£110.00,Default,N/A
Crocs Classic Clog,£50.00,Default,N/A
EA7 Emporio Armani Vis Slides,£35.00,Default,N/A
EA7 Emporio Armani Vis Slides,£35.00,Default,N/A
Nike Air Max Alpha Trainer 6,£80.00,Default,N/A
adidas Adilette Aqua Slides,£20.00,Default,N/A
Nike Air Max 90,£135.00,Default,N/A
Lacoste Serve Pin Slides,£45.00,Default,N/A
HOKA Challenger 7 GORE-TEX,£150.00,Default,N/A
adidas Originals Gazelle,£85.00,Default,N/A
Nike Air Max Dn Women's,£155.00,Default,N/A
adidas Originals Treziod 2,£70.00,Default,N/A
Nike Air Max Alpha Trainer 6,£80.00,Default,N/A
HOKA Bondi 8,£150.00,Default,N/A
Timberland Low Lace Up Sneaker,£120.00,Default,N/A
adidas Terrex Soulstride Trail Running Shoes,£85.00,Default,N/A
The North Face Base Camp Flip Flops,£35.00,Default,N/A
adidas Adilette Aqua Slides,£20.00,Default,N/A
adidas Adilette Aqua Slides,£20.00,Default,N/A
adidas Adilette Aqua Slides,£20.00,Default,N/A
Kickers Tovni Lacer,£65.00,Default,N/A
Under Armour Bandit Trail,£90.00,Default,N/A
Nike Air Max Dn,£155.00,Default,N/A
Vans Authentic,£57.00,Default,N/A
Nike Winflo 11,£100.00,Default,N/A
Birkenstock Boston,£140.00,Default,N/A
adidas Originals Adilette Clogs,£38.00,Default,N/A
adidas Court Team Bounce 2.0 Shoes,£80.00,Default,N/A
Nike Pegasus 41,£130.00,Default,N/A
Nike React Vision,£130.00,Default,N/A
Nike Victori One Slide,£33.00,Default,N/A
The North Face Glenclyffe Urban Boot,£125.00,Default,N/A
Nike Mercurial Vapor 16 Club TF,£60.00,Default,N/A
Vans Sk8-Low,£70.00,Default,N/A
Havaianas Top Mix Flip Flops,£27.00,Default,N/A
Lacoste Serve Pin Slides,£45.00,Default,N/A
PUMA MagMax NITRO,£170.00,Default,N/A
PUMA MagMax NITRO,£170.00,Default,N/A
adidas Originals Samba XLG,£100.00,Default,N/A
PUMA x A$AP Rocky Mostro OG,£130.00,Default,N/A
PUMA x A$AP Rocky Inhale,£130.00,Default,N/A
New Balance 9060,£160.00,Default,N/A
The North Face Base Camp Flip Flops,£35.00,Default,N/A
ASICS GEL-VENTURE 6,£95.00,Default,N/A
The North Face Vectiv Taraval,£115.00,Default,N/A
adidas Originals Gazelle,£85.00,Default,N/A
adidas Terrex Agravic 3 Trail,£120.00,Default,N/A
adidas Originals Adilette Slides,£25.00,Default,N/A
Nike Victori Slides,£33.00,Default,N/A
adidas Gamecourt 2.0 Tennis Shoes,£60.00,Default,N/A
The North Face Base Camp Slides,£40.00,Default,N/A
Nike Juniper Trail 3,£80.00,Default,N/A
The North Face Vectiv Taraval,£115.00,Default,N/A
Havaianas Brazil Logo Flip Flops,£30.00,Default,N/A
Nike Winflo 11,£100.00,Default,N/A
PUMA Easy Rider,£100.00,Default,N/A
New Balance 1906R,£140.00,Default,N/A
Nike Victori One Slides,£33.00,Default,N/A
adidas Ultraboost 5 Shoes,£160.00,Default,N/A
Kickers Kick Lo,£90.00,Default,N/A
DC Shoes Court Graffik,£65.00,Default,N/A
Nike P-6000,£100.00,Default,N/A
On Running Cloudswift 4,£150.00,Default,N/A
On Running Cloudhorizon,£160.00,Default,N/A
Birkenstock Arizona Eva,£50.00,Default,N/A
Birkenstock Arizona Eva,£45.00,Default,N/A
Polo Ralph Lauren Heritage Court II,£120.00,Default,N/A
adidas F50 Messi League FG,£85.00,Default,N/A
adidas Originals Galaxy OG,£80.00,Default,N/A
adidas Court Team Bounce 2.0 Shoes,£80.00,Default,N/A
adidas Predator League Multi-Ground Boots,£80.00,Default,N/A
adidas Terrex Eastrail 2 Hiking Shoes,£80.00,Default,N/A
PUMA Fade Nitro,£115.00,Default,N/A
New Balance 740,£100.00,Default,N/A
HOKA Stinson 7,£160.00,Default,N/A
adidas Originals SL 72 RS,£85.00,Default,N/A
Mallet LDN Newington Trainers,£155.00,Default,N/A
HOKA Elevon 2,£130.00,Default,N/A
HOKA Clifton 9 GORE-TEX,£150.00,Default,N/A
The North Face Base Camp Flip Flops,£35.00,Default,N/A
Reebok NPC II,£70.00,Default,N/A
adidas Originals Gazelle,£85.00,Default,N/A
adidas Eastrail 2.0 Mid RAIN.RDY Hiking Shoes,£100.00,Default,N/A
Vans Knu Skool,£80.00,Default,N/A
PUMA Fade Nitro,£115.00,Default,N/A
PUMA Speedcat OG,£90.00,Default,N/A
Havaianas Dual,£27.00,Default,N/A
adidas Adilette Aqua Slides Women's,£20.00,Default,N/A
The North Face Base Camp Slides,£40.00,Default,N/A
Birkenstock Boston,£140.00,Default,N/A
Mallet LDN N104 Skate,£150.00,Default,N/A
Havaianas Brazil Logo Flip Flops,£30.00,Default,N/A
Nike Air Max 270,£145.00,Default,N/A
adidas Terrex Agravic 3 Trail,£120.00,Default,N/A
Nike Pegasus Trail 5,£130.00,Default,N/A
Jordan Air 7 RM,£130.00,Default,N/A
adidas Predator League Firm Ground Boots,£80.00,Default,N/A
Nike Phantom GX 2 Club TF,£55.00,Default,N/A
Mallet LDN N104 Skate,£150.00,Default,N/A
Mallet LDN N104 Skate,£150.00,Default,N/A
Mallet LDN N104 Skate,£150.00,Default,N/A
Crocs Echo Marble Clog,£75.00,Default,N/A
adidas Originals Kegler Super,£95.00,Default,N/A
adidas Originals K 74,£90.00,Default,N/A
Mallet LDN Newington Trainers,£155.00,Default,N/A
Mallet LDN Newington Trainers,£155.00,Default,N/A
Mallet LDN Newington Trainers,£155.00,Default,N/A
Mallet LDN Kinloch,£150.00,Default,N/A
Mallet LDN Broadway,£155.00,Default,N/A
Mallet LDN Broadway,£155.00,Default,N/A
adidas Predator Elite Fold-Over Tongue Firm Ground Boots,£240.00,Default,N/A
adidas Predator League FT FG,£90.00,Default,N/A
adidas F50 League Laceless FG,£85.00,Default,N/A
adidas Copa Pure 3 Elite FG,£210.00,Default,N/A
Nike React Vision,£130.00,Default,N/A
On Running Cloudsurfer Next,£140.00,Default,N/A
Jordan Jumpman Slides,£40.00,Default,N/A
adidas Originals K 74,£90.00,Default,N/A
HOKA Stinson 7,£160.00,Default,N/A
adidas F50 Elite FG,£220.00,Default,N/A
The North Face Traction V Mules,£65.00,Default,N/A
Lacoste Serve Pin Slides,£45.00,Default,N/A
PUMA Fade Nitro,£115.00,Default,N/A
ASICS GEL-NYC UTILITY,£160.00,Default,N/A
adidas Originals Handball Spezial,£90.00,Default,N/A
Reebok City Ride,£65.00,Default,N/A
adidas Originals Forum2000,£90.00,Default,N/A
Converse AS-1 Pro,£90.00,Default,N/A
Nike Zoom Mercurial Superfly 9 Elite FG,£255.00,Default,N/A
Nike Pegasus Trail 5,£135.00,Default,N/A
BOSS Aryeh Slides,£50.00,Default,N/A
BOSS TTNM Evo,£200.00,Default,N/A
adidas Originals Handball Spezial,£90.00,Default,N/A
adidas Originals Gazelle,£85.00,Default,N/A
adidas Originals Handball Spezial Shoes,£85.00,Default,N/A
adidas F50 Messi Club TF,£55.00,Default,N/A
adidas F50 Messi Club FG,£55.00,Default,N/A
adidas Adilette Aqua Slides,£20.00,Default,N/A
Nike Air Max 90,£135.00,Default,N/A
Lacoste Serve Pin Slides,£45.00,Default,N/A
HOKA Challenger 7 GORE-TEX,£150.00,Default,N/A
adidas Originals Gazelle,£85.00,Default,N/A
Nike Air Max Dn Women's,£155.00,Default,N/A
adidas Originals Treziod 2,£70.00,Default,N/A
Nike Air Max Alpha Trainer 6,£80.00,Default,N/A
HOKA Bondi 8,£150.00,Default,N/A
Timberland Low Lace Up Sneaker,£120.00,Default,N/A
adidas Terrex Soulstride Trail Running Shoes,£85.00,Default,N/A
The North Face Base Camp Flip Flops,£35.00,Default,N/A
adidas Adilette Aqua Slides,£20.00,Default,N/A
adidas Adilette Aqua Slides,£20.00,Default,N/A
adidas Adilette Aqua Slides,£20.00,Default,N/A
Kickers Tovni Lacer,£65.00,Default,N/A
Under Armour Bandit Trail,£90.00,Default,N/A
Nike Air Max Dn,£155.00,Default,N/A
Vans Authentic,£57.00,Default,N/A
Nike Winflo 11,£100.00,Default,N/A
Birkenstock Boston,£140.00,Default,N/A
adidas Originals Adilette Clogs,£38.00,Default,N/A
adidas Court Team Bounce 2.0 Shoes,£80.00,Default,N/A
Nike Pegasus 41,£130.00,Default,N/A
Nike React Vision,£130.00,Default,N/A
Nike Victori One Slide,£33.00,Default,N/A
The North Face Glenclyffe Urban Boot,£125.00,Default,N/A
Nike Mercurial Vapor 16 Club TF,£60.00,Default,N/A
Vans Sk8-Low,£70.00,Default,N/A
Havaianas Top Mix Flip Flops,£27.00,Default,N/A
Lacoste Serve Pin Slides,£45.00,Default,N/A
PUMA MagMax NITRO,£170.00,Default,N/A
PUMA MagMax NITRO,£170.00,Default,N/A
adidas Originals Samba XLG,£100.00,Default,N/A
PUMA x A$AP Rocky Mostro OG,£130.00,Default,N/A
PUMA x A$AP Rocky Inhale,£130.00,Default,N/A
New Balance 9060,£160.00,Default,N/A
The North Face Base Camp Flip Flops,£35.00,Default,N/A
ASICS GEL-VENTURE 6,£95.00,Default,N/A
The North Face Vectiv Taraval,£115.00,Default,N/A
adidas Originals Gazelle,£85.00,Default,N/A
adidas Terrex Agravic 3 Trail,£120.00,Default,N/A
adidas Originals Adilette Slides,£25.00,Default,N/A
Nike Victori Slides,£33.00,Default,N/A
adidas Gamecourt 2.0 Tennis Shoes,£60.00,Default,N/A
The North Face Base Camp Slides,£40.00,Default,N/A
Nike Juniper Trail 3,£80.00,Default,N/A
The North Face Vectiv Taraval,£115.00,Default,N/A
Havaianas Brazil Logo Flip Flops,£30.00,Default,N/A
Nike Winflo 11,£100.00,Default,N/A
PUMA Easy Rider,£100.00,Default,N/A
New Balance 1906R,£140.00,Default,N/A
Nike Victori One Slides,£33.00,Default,N/A
adidas Ultraboost 5 Shoes,£160.00,Default,N/A
Kickers Kick Lo,£90.00,Default,N/A
DC Shoes Court Graffik,£65.00,Default,N/A
Nike P-6000,£100.00,Default,N/A
On Running Cloudswift 4,£150.00,Default,N/A
On Running Cloudhorizon,£160.00,Default,N/A
Birkenstock Arizona Eva,£50.00,Default,N/A
Birkenstock Arizona Eva,£45.00,Default,N/A
Polo Ralph Lauren Heritage Court II,£120.00,Default,N/A
adidas Originals Galaxy OG,£80.00,Default,N/A
adidas Court Team Bounce 2.0 Shoes,£80.00,Default,N/A
adidas Predator League Multi-Ground Boots,£80.00,Default,N/A
adidas Terrex Eastrail 2 Hiking Shoes,£80.00,Default,N/A
PUMA Fade Nitro,£115.00,Default,N/A
New Balance 740,£100.00,Default,N/A
HOKA Stinson 7,£160.00,Default,N/A
adidas Originals SL 72 RS,£85.00,Default,N/A
Mallet LDN Newington Trainers,£155.00,Default,N/A
HOKA Elevon 2,£130.00,Default,N/A
HOKA Clifton 9 GORE-TEX,£150.00,Default,N/A
adidas F50 Messi League FG,£85.00,Default,N/A
The North Face Base Camp Flip Flops,£35.00,Default,N/A
Reebok NPC II,£70.00,Default,N/A
adidas Originals Gazelle,£85.00,Default,N/A
adidas Eastrail 2.0 Mid RAIN.RDY Hiking Shoes,£100.00,Default,N/A
Vans Knu Skool,£80.00,Default,N/A
PUMA Fade Nitro,£115.00,Default,N/A
PUMA Speedcat OG,£90.00,Default,N/A
Havaianas Dual,£27.00,Default,N/A
adidas Adilette Aqua Slides Women's,£20.00,Default,N/A
The North Face Base Camp Slides,£40.00,Default,N/A
Birkenstock Boston,£140.00,Default,N/A
Mallet LDN N104 Skate,£150.00,Default,N/A
Havaianas Brazil Logo Flip Flops,£30.00,Default,N/A
Nike Air Max 270,£145.00,Default,N/A
adidas Terrex Agravic 3 Trail,£120.00,Default,N/A
Nike Pegasus Trail 5,£130.00,Default,N/A
Jordan Air 7 RM,£130.00,Default,N/A
adidas Predator League Firm Ground Boots,£80.00,Default,N/A
Nike Phantom GX 2 Club TF,£55.00,Default,N/A
Mallet LDN N104 Skate,£150.00,Default,N/A
Mallet LDN N104 Skate,£150.00,Default,N/A
Mallet LDN N104 Skate,£150.00,Default,N/A
Crocs Echo Marble Clog,£75.00,Default,N/A
adidas Originals Kegler Super,£95.00,Default,N/A
adidas Originals K 74,£90.00,Default,N/A
Mallet LDN Newington Trainers,£155.00,Default,N/A
Mallet LDN Newington Trainers,£155.00,Default,N/A
Mallet LDN Newington Trainers,£155.00,Default,N/A
Mallet LDN Kinloch,£150.00,Default,N/A
Mallet LDN Broadway,£155.00,Default,N/A
Mallet LDN Broadway,£155.00,Default,N/A
adidas Predator Elite Fold-Over Tongue Firm Ground Boots,£240.00,Default,N/A
adidas Predator League FT FG,£90.00,Default,N/A
adidas F50 League Laceless FG,£85.00,Default,N/A
adidas Copa Pure 3 Elite FG,£210.00,Default,N/A
Nike React Vision,£130.00,Default,N/A
On Running Cloudsurfer Next,£140.00,Default,N/A
Jordan Jumpman Slides,£40.00,Default,N/A
adidas Originals K 74,£90.00,Default,N/A
HOKA Stinson 7,£160.00,Default,N/A
adidas F50 Elite FG,£220.00,Default,N/A
The North Face Traction V Mules,£65.00,Default,N/A
Lacoste Serve Pin Slides,£45.00,Default,N/A
PUMA Fade Nitro,£115.00,Default,N/A
ASICS GEL-NYC UTILITY,£160.00,Default,N/A
adidas Originals Handball Spezial,£90.00,Default,N/A
Reebok City Ride,£65.00,Default,N/A
adidas Originals Forum2000,£90.00,Default,N/A
Converse AS-1 Pro,£90.00,Default,N/A
Nike Zoom Mercurial Superfly 9 Elite FG,£255.00,Default,N/A
Nike Pegasus Trail 5,£135.00,Default,N/A
BOSS Aryeh Slides,£50.00,Default,N/A
BOSS TTNM Evo,£200.00,Default,N/A
adidas Originals Handball Spezial,£90.00,Default,N/A
adidas Originals Gazelle,£85.00,Default,N/A
adidas Originals Handball Spezial Shoes,£85.00,Default,N/A
adidas F50 Messi Club TF,£55.00,Default,N/A
adidas F50 Messi Club FG,£55.00,Default,N/A
adidas Originals ZX RS,£90.00,Default,N/A
Nike Denim Jeans,£80.00,Default,N/A
Reebok City Ride,£65.00,Default,N/A
Vans Hylane,£85.00,Default,N/A
ASICS GT-2160,£125.00,Default,N/A
adidas Originals Adistar Cushion,£120.00,Default,N/A
PUMA Easy Rider,£100.00,Default,N/A
Reebok AZ II,£65.00,Default,N/A
Reebok AZ II,£65.00,Default,N/A
Reebok AZ II,£65.00,Default,N/A
Birkenstock Arizona,£85.00,Default,N/A
Kickers Tovni Tumble,£65.00,Default,N/A
The North Face Base Camp Slides,£40.00,Default,N/A
adidas Copa Pure 3 League FG,£70.00,Default,N/A
Havaianas Brazil Logo Flip Flops,£30.00,Default,N/A
Nike Dunk Low,£120.00,Default,N/A
Nike Dunk Low,£120.00,Default,N/A
Nike Dunk Low BTTYS,£110.00,Default,N/A
Nike LD-1000,£100.00,Default,N/A
Reebok City Ride,£65.00,Default,N/A
Reebok City Ride,£65.00,Default,N/A
adidas S2G 24 Leather Spikeless Golf Shoes,£90.00,Default,N/A
Converse CL98,£85.00,Default,N/A
Reebok Court Retro,£60.00,Default,N/A
Converse Chuck 70 Hi,£85.00,Default,N/A
Converse Chuck 70 Ox Low,£80.00,Default,N/A
Nike P-6000,£110.00,Default,N/A
Nike Air Max Dn,£155.00,Default,N/A
Converse AS-1 Pro,£90.00,Default,N/A
Crocs Echo Clog,£70.00,Default,N/A
adidas Originals Gazelle Indoor,£95.00,Default,N/A
ASICS GEL-KINETIC FLUENT,£180.00,Default,N/A
adidas VS Pace 2.0 Shoes,£45.00,Default,N/A
Vans Old Skool,£65.00,Default,N/A
New Balance 740,£100.00,Default,N/A
The North Face Base Camp Flip Flops,£35.00,Default,N/A
Havaianas Urban Brasil Flip Flops,£30.00,Default,N/A
Havaianas Top Logo Flip Flops,£27.00,Default,N/A
ASICS GEL-NIMBUS 9,£155.00,Default,N/A
Havaianas Brazil Logo Flip Flops,£30.00,Default,N/A
Jordan Flight Court,£100.00,Default,N/A
Nike Phantom GX Pro FG,£145.00,Default,N/A
adidas Copa Gloro 2 Firm Ground Boots,£85.00,Default,N/A
adidas ZX RS Shoes,£90.00,Default,N/A
adidas ZX RS Shoes,£90.00,Default,N/A
adidas ZX RS Shoes,£90.00,Default,N/A
adidas MERCEDES - AMG PETRONAS FORMULA ONE TEAM ADILETTE COMFORT SLIDES,£45.00,Default,N/A
adidas CourtJam Control 3 Tennis Shoes,£80.00,Default,N/A
adidas Galaxy 7 Running Shoes,£45.00,Default,N/A
adidas Galaxy 7 Running Shoes,£45.00,Default,N/A
adidas ADIZERO Boston 13,£140.00,Default,N/A
adidas ADIZERO Boston 13,£140.00,Default,N/A
adidas Hoops 4.0 Mid Shoes,£60.00,Default,N/A
adidas Rapid Court Mid Winterized Shoes,£60.00,Default,N/A
adidas Breaknet 3.0 Shoes,£50.00,Default,N/A
adidas Run 60s 4.0 Shoes,£50.00,Default,N/A
adidas Run 60s 4.0 Shoes,£50.00,Default,N/A
adidas Adizero Aruku Shoes,£110.00,Default,N/A
adidas Predator Freestyle Indoor Boots,£100.00,Default,N/A
adidas Predator Freestyle Indoor Boots,£100.00,Default,N/A
adidas Dropset Control Trainer,£80.00,Default,N/A
adidas VS Pace 2.0 Shoes,£45.00,Default,N/A
adidas Terrex TERREX ANYLANDER MID,£85.00,Default,N/A
adidas Originals Gazelle Team,£90.00,Default,N/A
adidas Adizero Boston 13,£140.00,Default,N/A
Jordan Jumpman Slides,£40.00,Default,N/A
ASICS GEL-QUANTUM 360,£170.00,Default,N/A
New Balance 1906R,£155.00,Default,N/A
On Running Cloudmonster,£160.00,Default,N/A
adidas Copa Mundial Boots,£120.00,Default,N/A
Crocs Classic Clog,£50.00,Default,N/A
Altra Experience Flow,£130.00,Default,N/A
HOKA Clifton 9 GORE-TEX,£150.00,Default,N/A
adidas F50 Messi League FG,£85.00,Default,N/A
The North Face Base Camp Flip Flops,£35.00,Default,N/A
Reebok NPC II,£70.00,Default,N/A
adidas Originals Gazelle,£85.00,Default,N/A
adidas Eastrail 2.0 Mid RAIN.RDY Hiking Shoes,£100.00,Default,N/A
Vans Knu Skool,£80.00,Default,N/A
PUMA Fade Nitro,£115.00,Default,N/A
PUMA Speedcat OG,£90.00,Default,N/A
Havaianas Dual,£27.00,Default,N/A
adidas Adilette Aqua Slides Women's,£20.00,Default,N/A
The North Face Base Camp Slides,£40.00,Default,N/A
Birkenstock Boston,£140.00,Default,N/A
Mallet LDN N104 Skate,£150.00,Default,N/A
Havaianas Brazil Logo Flip Flops,£30.00,Default,N/A
Nike Air Max 270,£145.00,Default,N/A
adidas Terrex Agravic 3 Trail,£120.00,Default,N/A
Nike Pegasus Trail 5,£130.00,Default,N/A
Jordan Air 7 RM,£130.00,Default,N/A
adidas Predator League Firm Ground Boots,£80.00,Default,N/A
Nike Phantom GX 2 Club TF,£55.00,Default,N/A
Mallet LDN N104 Skate,£150.00,Default,N/A
Mallet LDN N104 Skate,£150.00,Default,N/A
Mallet LDN N104 Skate,£150.00,Default,N/A
Crocs Echo Marble Clog,£75.00,Default,N/A
adidas Originals Kegler Super,£95.00,Default,N/A
adidas Originals K 74,£90.00,Default,N/A
Mallet LDN Newington Trainers,£155.00,Default,N/A
Mallet LDN Newington Trainers,£155.00,Default,N/A
Mallet LDN Newington Trainers,£155.00,Default,N/A
Mallet LDN Kinloch,£150.00,Default,N/A
Mallet LDN Broadway,£155.00,Default,N/A
Mallet LDN Broadway,£155.00,Default,N/A
adidas Predator Elite Fold-Over Tongue Firm Ground Boots,£240.00,Default,N/A
adidas Predator League FT FG,£90.00,Default,N/A
adidas F50 League Laceless FG,£85.00,Default,N/A
adidas Copa Pure 3 Elite FG,£210.00,Default,N/A
Nike React Vision,£130.00,Default,N/A
On Running Cloudsurfer Next,£140.00,Default,N/A
Jordan Jumpman Slides,£40.00,Default,N/A
adidas Originals K 74,£90.00,Default,N/A
HOKA Stinson 7,£160.00,Default,N/A
adidas F50 Elite FG,£220.00,Default,N/A
The North Face Traction V Mules,£65.00,Default,N/A
Lacoste Serve Pin Slides,£45.00,Default,N/A
PUMA Fade Nitro,£115.00,Default,N/A
ASICS GEL-NYC UTILITY,£160.00,Default,N/A
adidas Originals Handball Spezial,£90.00,Default,N/A
Reebok City Ride,£65.00,Default,N/A
adidas Originals Forum2000,£90.00,Default,N/A
Converse AS-1 Pro,£90.00,Default,N/A
Nike Zoom Mercurial Superfly 9 Elite FG,£255.00,Default,N/A
Nike Pegasus Trail 5,£135.00,Default,N/A
BOSS Aryeh Slides,£50.00,Default,N/A
BOSS TTNM Evo,£200.00,Default,N/A
adidas Originals Handball Spezial,£90.00,Default,N/A
adidas Originals Gazelle,£85.00,Default,N/A
adidas Originals Handball Spezial Shoes,£85.00,Default,N/A
adidas F50 Messi Club TF,£55.00,Default,N/A
adidas F50 Messi Club FG,£55.00,Default,N/A
adidas Originals ZX RS,£90.00,Default,N/A
Nike Denim Jeans,£80.00,Default,N/A
Reebok City Ride,£65.00,Default,N/A
Vans Hylane,£85.00,Default,N/A
ASICS GT-2160,£125.00,Default,N/A
adidas Originals Adistar Cushion,£120.00,Default,N/A
PUMA Easy Rider,£100.00,Default,N/A
Reebok AZ II,£65.00,Default,N/A
Reebok AZ II,£65.00,Default,N/A
Reebok AZ II,£65.00,Default,N/A
Birkenstock Arizona,£85.00,Default,N/A
Kickers Tovni Tumble,£65.00,Default,N/A
The North Face Base Camp Slides,£40.00,Default,N/A
adidas Copa Pure 3 League FG,£70.00,Default,N/A
Havaianas Brazil Logo Flip Flops,£30.00,Default,N/A
Nike Dunk Low,£120.00,Default,N/A
Nike Dunk Low,£120.00,Default,N/A
Nike Dunk Low BTTYS,£110.00,Default,N/A
Nike LD-1000,£100.00,Default,N/A
Reebok City Ride,£65.00,Default,N/A
Reebok City Ride,£65.00,Default,N/A
adidas S2G 24 Leather Spikeless Golf Shoes,£90.00,Default,N/A
Converse CL98,£85.00,Default,N/A
Reebok Court Retro,£60.00,Default,N/A
Converse Chuck 70 Hi,£85.00,Default,N/A
Converse Chuck 70 Ox Low,£80.00,Default,N/A
Nike P-6000,£110.00,Default,N/A
Nike Air Max Dn,£155.00,Default,N/A
Converse AS-1 Pro,£90.00,Default,N/A
Crocs Echo Clog,£70.00,Default,N/A
adidas Originals Gazelle Indoor,£95.00,Default,N/A
ASICS GEL-KINETIC FLUENT,£180.00,Default,N/A
adidas VS Pace 2.0 Shoes,£45.00,Default,N/A
Vans Old Skool,£65.00,Default,N/A
New Balance 740,£100.00,Default,N/A
The North Face Base Camp Flip Flops,£35.00,Default,N/A
Havaianas Urban Brasil Flip Flops,£30.00,Default,N/A
Havaianas Top Logo Flip Flops,£27.00,Default,N/A
ASICS GEL-NIMBUS 9,£155.00,Default,N/A
Havaianas Brazil Logo Flip Flops,£30.00,Default,N/A
Jordan Flight Court,£100.00,Default,N/A
Nike Phantom GX Pro FG,£145.00,Default,N/A
adidas Copa Gloro 2 Firm Ground Boots,£85.00,Default,N/A
adidas ZX RS Shoes,£90.00,Default,N/A
adidas ZX RS Shoes,£90.00,Default,N/A
adidas ZX RS Shoes,£90.00,Default,N/A
adidas MERCEDES - AMG PETRONAS FORMULA ONE TEAM ADILETTE COMFORT SLIDES,£45.00,Default,N/A
adidas CourtJam Control 3 Tennis Shoes,£80.00,Default,N/A
adidas Galaxy 7 Running Shoes,£45.00,Default,N/A
adidas Galaxy 7 Running Shoes,£45.00,Default,N/A
adidas ADIZERO Boston 13,£140.00,Default,N/A
adidas ADIZERO Boston 13,£140.00,Default,N/A
adidas Hoops 4.0 Mid Shoes,£60.00,Default,N/A
adidas Rapid Court Mid Winterized Shoes,£60.00,Default,N/A
adidas Breaknet 3.0 Shoes,£50.00,Default,N/A
adidas Run 60s 4.0 Shoes,£50.00,Default,N/A
adidas Run 60s 4.0 Shoes,£50.00,Default,N/A
adidas Adizero Aruku Shoes,£110.00,Default,N/A
adidas Predator Freestyle Indoor Boots,£100.00,Default,N/A
adidas Predator Freestyle Indoor Boots,£100.00,Default,N/A
adidas Dropset Control Trainer,£80.00,Default,N/A
adidas VS Pace 2.0 Shoes,£45.00,Default,N/A
adidas Terrex TERREX ANYLANDER MID,£85.00,Default,N/A
adidas Originals Gazelle Team,£90.00,Default,N/A
adidas Adizero Boston 13,£140.00,Default,N/A
Jordan Jumpman Slides,£40.00,Default,N/A
ASICS GEL-QUANTUM 360,£170.00,Default,N/A
New Balance 1906R,£155.00,Default,N/A
On Running Cloudmonster,£160.00,Default,N/A
adidas Copa Mundial Boots,£120.00,Default,N/A
Crocs Classic Clog,£50.00,Default,N/A
Altra Experience Flow,£130.00,Default,N/A
adidas Originals SL 72 Women's,£85.00,Default,N/A
adidas Originals SL 72 RS,£85.00,Default,N/A
Nike Shox TL,£155.00,Default,N/A
adidas F50 Elite Messi FG,£230.00,Default,N/A
adidas F50 Messi League FG,£85.00,Default,N/A
adidas Originals ZX RS,£90.00,Default,N/A
Vans 66/99/19 Rowley Classic,£70.00,Default,N/A
EA7 Emporio Armani Vintage,£175.00,Default,N/A
Fred Perry Baseline Canvas,£75.00,Default,N/A
Nike Tiempo Legend 10 Academy TF,£80.00,Default,N/A
HOKA Clifton 10 Women's,£140.00,Default,N/A
adidas Adilette Shower Slides,£22.00,Default,N/A
Fred Perry Baseline Canvas,£75.00,Default,N/A
Fred Perry B721,£85.00,Default,N/A
adidas Adizero Boston 12,£140.00,Default,N/A
adidas Everyset versatile training shoes,£80.00,Default,N/A
Polo Ralph Lauren Master Court,£130.00,Default,N/A
The North Face Men’s Skeena Sandals II,£50.00,Default,N/A
HOKA Clifton 10,£140.00,Default,N/A
HOKA Clifton 10,£140.00,Default,N/A
Fred Perry Baseline Canvas,£75.00,Default,N/A
Fred Perry B721,£85.00,Default,N/A
HOKA Clifton 10,£140.00,Default,N/A
On Running Cloudvista 2,£140.00,Default,N/A
On Running Cloudswift 4 AD,£150.00,Default,N/A
Jordan Jumpman Slides,£40.00,Default,N/A
EA7 Emporio Armani Vintage,£175.00,Default,N/A
Nike Tiempo Legend Elite 10 FG,£230.00,Default,N/A
PUMA ULTRA 5 Play FG,£50.00,Default,N/A
PUMA Ultra 5 Play TT,£50.00,Default,N/A
New Balance 1000 Cordura,£150.00,Default,N/A
adidas Adilette Slides,£25.00,Default,N/A
adidas Originals Kegler Super,£95.00,Default,N/A
adidas Adilette Comfort Slides,£38.00,Default,N/A
adidas Adilette Comfort Slides,£38.00,Default,N/A
Fred Perry Baseline,£85.00,Default,N/A
Nike Dunk Low Retro SE,£120.00,Default,N/A
Nike Cortez,£80.00,Default,N/A
Nike Air Max Dn8,£175.00,Default,N/A
Nike LD-1000,£90.00,Default,N/A
Nike Shox TL,£165.00,Default,N/A
Jordan Jumpman Slides,£40.00,Default,N/A
Converse CL98,£85.00,Default,N/A
Under Armour Ignite Select Slides,£25.00,Default,N/A
Nike Air Max 90,£145.00,Default,N/A
adidas Adilette Aqua Slides,£20.00,Default,N/A
HOKA Bondi 8,£150.00,Default,N/A
Fred Perry Baseline,£85.00,Default,N/A
Lacoste L003 Neo Shot,£115.00,Default,N/A
New Balance 1000,£150.00,Default,N/A
adidas Originals Forum2000,£90.00,Default,N/A
Converse Star Player 76,£75.00,Default,N/A
Nike Shox TL,£155.00,Default,N/A
Nike Air Force 1 Low,£120.00,Default,N/A
Polo Ralph Lauren Bedford,£120.00,Default,N/A
adidas Originals Adilette Slides,£25.00,Default,N/A
Nike Air Flight 89 Low,£130.00,Default,N/A
adidas Messi F50 League Firm/Multi-Ground Boots,£85.00,Default,N/A
Nike Free Metcon 6,£120.00,Default,N/A
adidas Ultrarun 5 Running Shoes,£70.00,Default,N/A
UGG Tasman Weather Hybrid,£170.00,Default,N/A
adidas Originals ZX 600,£90.00,Default,N/A
DC Shoes Stag,£70.00,Default,N/A
Nike P-6000 SE,£110.00,Default,N/A
PUMA Easy Rider,£100.00,Default,N/A
Vans Premium Old Skool 36,£90.00,Default,N/A
Nike Air Max Dn,£165.00,Default,N/A
Nike Air Pegasus Wave,£135.00,Default,N/A
Nike Shox R4,£135.00,Default,N/A
adidas Samba OG Shoes,£95.00,Default,N/A
adidas Originals Handball Spezial,£90.00,Default,N/A
adidas Originals Handball Spezial,£90.00,Default,N/A
The North Face Base Camp Slides,£40.00,Default,N/A
adidas Copa Pure 3 League FG,£70.00,Default,N/A
Havaianas Brazil Logo Flip Flops,£30.00,Default,N/A
Nike Dunk Low,£120.00,Default,N/A
Nike Dunk Low,£120.00,Default,N/A
Nike Dunk Low BTTYS,£110.00,Default,N/A
Nike LD-1000,£100.00,Default,N/A
Reebok City Ride,£65.00,Default,N/A
Reebok City Ride,£65.00,Default,N/A
adidas S2G 24 Leather Spikeless Golf Shoes,£90.00,Default,N/A
Converse CL98,£85.00,Default,N/A
Reebok Court Retro,£60.00,Default,N/A
Converse Chuck 70 Hi,£85.00,Default,N/A
Converse Chuck 70 Ox Low,£80.00,Default,N/A
Nike P-6000,£110.00,Default,N/A
Nike Air Max Dn,£155.00,Default,N/A
Converse AS-1 Pro,£90.00,Default,N/A
Crocs Echo Clog,£70.00,Default,N/A
adidas Originals Gazelle Indoor,£95.00,Default,N/A
ASICS GEL-KINETIC FLUENT,£180.00,Default,N/A
adidas VS Pace 2.0 Shoes,£45.00,Default,N/A
Vans Old Skool,£65.00,Default,N/A
New Balance 740,£100.00,Default,N/A
The North Face Base Camp Flip Flops,£35.00,Default,N/A
Havaianas Urban Brasil Flip Flops,£30.00,Default,N/A
Havaianas Top Logo Flip Flops,£27.00,Default,N/A
ASICS GEL-NIMBUS 9,£155.00,Default,N/A
Havaianas Brazil Logo Flip Flops,£30.00,Default,N/A
Jordan Flight Court,£100.00,Default,N/A
Nike Phantom GX Pro FG,£145.00,Default,N/A
adidas Copa Gloro 2 Firm Ground Boots,£85.00,Default,N/A
adidas ZX RS Shoes,£90.00,Default,N/A
adidas ZX RS Shoes,£90.00,Default,N/A
adidas ZX RS Shoes,£90.00,Default,N/A
adidas MERCEDES - AMG PETRONAS FORMULA ONE TEAM ADILETTE COMFORT SLIDES,£45.00,Default,N/A
adidas CourtJam Control 3 Tennis Shoes,£80.00,Default,N/A
adidas Galaxy 7 Running Shoes,£45.00,Default,N/A
adidas Galaxy 7 Running Shoes,£45.00,Default,N/A
adidas ADIZERO Boston 13,£140.00,Default,N/A
adidas ADIZERO Boston 13,£140.00,Default,N/A
adidas Hoops 4.0 Mid Shoes,£60.00,Default,N/A
adidas Rapid Court Mid Winterized Shoes,£60.00,Default,N/A
adidas Breaknet 3.0 Shoes,£50.00,Default,N/A
adidas Run 60s 4.0 Shoes,£50.00,Default,N/A
adidas Run 60s 4.0 Shoes,£50.00,Default,N/A
adidas Adizero Aruku Shoes,£110.00,Default,N/A
adidas Predator Freestyle Indoor Boots,£100.00,Default,N/A
adidas Predator Freestyle Indoor Boots,£100.00,Default,N/A
adidas Dropset Control Trainer,£80.00,Default,N/A
adidas VS Pace 2.0 Shoes,£45.00,Default,N/A
adidas Terrex TERREX ANYLANDER MID,£85.00,Default,N/A
adidas Originals Gazelle Team,£90.00,Default,N/A
adidas Adizero Boston 13,£140.00,Default,N/A
Jordan Jumpman Slides,£40.00,Default,N/A
ASICS GEL-QUANTUM 360,£170.00,Default,N/A
New Balance 1906R,£155.00,Default,N/A
On Running Cloudmonster,£160.00,Default,N/A
adidas Copa Mundial Boots,£120.00,Default,N/A
Crocs Classic Clog,£50.00,Default,N/A
Altra Experience Flow,£130.00,Default,N/A
adidas Originals SL 72 Women's,£85.00,Default,N/A
adidas Originals SL 72 RS,£85.00,Default,N/A
Nike Shox TL,£155.00,Default,N/A
adidas F50 Elite Messi FG,£230.00,Default,N/A
adidas F50 Messi League FG,£85.00,Default,N/A
adidas Originals ZX RS,£90.00,Default,N/A
Vans 66/99/19 Rowley Classic,£70.00,Default,N/A
EA7 Emporio Armani Vintage,£175.00,Default,N/A
Fred Perry Baseline Canvas,£75.00,Default,N/A
Nike Tiempo Legend 10 Academy TF,£80.00,Default,N/A
HOKA Clifton 10 Women's,£140.00,Default,N/A
adidas Adilette Shower Slides,£22.00,Default,N/A
Fred Perry Baseline Canvas,£75.00,Default,N/A
Fred Perry B721,£85.00,Default,N/A
adidas Adizero Boston 12,£140.00,Default,N/A
adidas Everyset versatile training shoes,£80.00,Default,N/A
Polo Ralph Lauren Master Court,£130.00,Default,N/A
The North Face Men’s Skeena Sandals II,£50.00,Default,N/A
HOKA Clifton 10,£140.00,Default,N/A
HOKA Clifton 10,£140.00,Default,N/A
Fred Perry Baseline Canvas,£75.00,Default,N/A
Fred Perry B721,£85.00,Default,N/A
HOKA Clifton 10,£140.00,Default,N/A
On Running Cloudvista 2,£140.00,Default,N/A
On Running Cloudswift 4 AD,£150.00,Default,N/A
Jordan Jumpman Slides,£40.00,Default,N/A
EA7 Emporio Armani Vintage,£175.00,Default,N/A
Nike Tiempo Legend Elite 10 FG,£230.00,Default,N/A
PUMA ULTRA 5 Play FG,£50.00,Default,N/A
PUMA Ultra 5 Play TT,£50.00,Default,N/A
New Balance 1000 Cordura,£150.00,Default,N/A
adidas Adilette Slides,£25.00,Default,N/A
adidas Originals Kegler Super,£95.00,Default,N/A
adidas Adilette Comfort Slides,£38.00,Default,N/A
adidas Adilette Comfort Slides,£38.00,Default,N/A
Fred Perry Baseline,£85.00,Default,N/A
Nike Dunk Low Retro SE,£120.00,Default,N/A
Nike Cortez,£80.00,Default,N/A
Nike Air Max Dn8,£175.00,Default,N/A
Nike LD-1000,£90.00,Default,N/A
Nike Shox TL,£165.00,Default,N/A
Jordan Jumpman Slides,£40.00,Default,N/A
Converse CL98,£85.00,Default,N/A
Under Armour Ignite Select Slides,£25.00,Default,N/A
Nike Air Max 90,£145.00,Default,N/A
adidas Adilette Aqua Slides,£20.00,Default,N/A
HOKA Bondi 8,£150.00,Default,N/A
Fred Perry Baseline,£85.00,Default,N/A
Lacoste L003 Neo Shot,£115.00,Default,N/A
New Balance 1000,£150.00,Default,N/A
adidas Originals Forum2000,£90.00,Default,N/A
Converse Star Player 76,£75.00,Default,N/A
Nike Shox TL,£155.00,Default,N/A
Nike Air Force 1 Low,£120.00,Default,N/A
Polo Ralph Lauren Bedford,£120.00,Default,N/A
adidas Originals Adilette Slides,£25.00,Default,N/A
Nike Air Flight 89 Low,£130.00,Default,N/A
adidas Messi F50 League Firm/Multi-Ground Boots,£85.00,Default,N/A
Nike Free Metcon 6,£120.00,Default,N/A
adidas Ultrarun 5 Running Shoes,£70.00,Default,N/A
UGG Tasman Weather Hybrid,£170.00,Default,N/A
adidas Originals ZX 600,£90.00,Default,N/A
DC Shoes Stag,£70.00,Default,N/A
Nike P-6000 SE,£110.00,Default,N/A
PUMA Easy Rider,£100.00,Default,N/A
Vans Premium Old Skool 36,£90.00,Default,N/A
Nike Air Max Dn,£165.00,Default,N/A
Nike Air Pegasus Wave,£135.00,Default,N/A
Nike Shox R4,£135.00,Default,N/A
adidas Samba OG Shoes,£95.00,Default,N/A
adidas Originals Handball Spezial,£90.00,Default,N/A
adidas Originals Handball Spezial,£90.00,Default,N/A
adidas Adizero Aruku Shoes,£110.00,Default,N/A
adidas Adizero Aruku Shoes,£110.00,Default,N/A
adidas Courtblock Shoes,£50.00,Default,N/A
adidas Campus 00s Shoes,£90.00,Default,N/A
Jordan Air 4 RM,£135.00,Default,N/A
adidas Originals Adi Racer,£100.00,Default,N/A
Timberland Mid Lace Up Sneaker,£130.00,Default,N/A
Polo Ralph Lauren Heritage Court,£120.00,Default,N/A
Mallet LDN Kinloch,£150.00,Default,N/A
adidas Adizero Boston 12,£140.00,Default,N/A
New Balance 1906R,£140.00,Default,N/A
adidas Copa Pure 3 Elite FG,£210.00,Default,N/A
adidas Originals Munchen,£90.00,Default,N/A
adidas Originals Munchen,£90.00,Default,N/A
adidas Originals Campus 00s,£90.00,Default,N/A
The North Face Basecamp Slides,£40.00,Default,N/A
CRUYFF Spectra,£110.00,Default,N/A
CRUYFF Fearia Camo,£110.00,Default,N/A
CRUYFF Spectra,£110.00,Default,N/A
CRUYFF Spectra,£110.00,Default,N/A
Vans Authentic,£60.00,Default,N/A
Polo Ralph Lauren Bedford,£120.00,Default,N/A
Nike Air Max Dn8,£175.00,Default,N/A
adidas Runfalcon 5 Running Shoes,£50.00,Default,N/A
adidas Runfalcon 5 Running Shoes,£50.00,Default,N/A
adidas Runfalcon 5 Running Shoes,£50.00,Default,N/A
adidas Terrex TERREX ANYLANDER MID,£85.00,Default,N/A
adidas Terrex Soulstride RAIN.RDY Trail Running Shoes,£90.00,Default,N/A
adidas Adizero SL 2,£110.00,Default,N/A
adidas Terrex TERREX FREE HIKER 2,£180.00,Default,N/A
adidas Terrex Terrex Free Hiker 2.0 Low Gore-Tex Hiking Shoes,£165.00,Default,N/A
Saucony ProGrid Triumph 4,£150.00,Default,N/A
Nike Dunk Low,£110.00,Default,N/A
adidas ADIZERO Boston 13,£140.00,Default,N/A
Reebok AZ II,£65.00,Default,N/A
ASICS GEL-NYC,£150.00,Default,N/A
Nike Pegasus Trail 5 GORE-TEX,£155.00,Default,N/A
ASICS Gel-Venture 6,£95.00,Default,N/A
adidas Originals Samba 'Deutschland',£100.00,Default,N/A
EA7 Emporio Armani B&W Laces Retro,£185.00,Default,N/A
On Running Cloudhorizon,£160.00,Default,N/A
adidas AE 1 Low,£90.00,Default,N/A
ASICS GEL-SEKIRAN,£145.00,Default,N/A
The North Face Base Camp Slides,£40.00,Default,N/A
PUMA Palermo Premium,£80.00,Default,N/A
adidas Galaxy 7 Running Shoes,£45.00,Default,N/A
adidas Supernova Rise 2 Running Shoes,£130.00,Default,N/A
adidas Tracerocker 2.0 Trail Running Shoes,£85.00,Default,N/A
Nike Air Max Dn8,£175.00,Default,N/A
Craft Nordlite Tempo,£145.00,Default,N/A
Craft Pure Trail Hydro,£145.00,Default,N/A
Craft Nordlite Ultra 2,£150.00,Default,N/A
Saucony Hurricane 24,£165.00,Default,N/A
Saucony ProGrid Omni 9 Armor,£165.00,Default,N/A
The North Face Men’s Explore Camp Shandals,£90.00,Default,N/A
The North Face Men’s Skeena Sandals II,£50.00,Default,N/A
Jordan Air 1 Mid,£130.00,Default,N/A
adidas Originals Samba OG,£95.00,Default,N/A
Vans Old Skool Women's,£75.00,Default,N/A
Lacoste Storm 2K,£105.00,Default,N/A
adidas Originals Samba XLG,£100.00,Default,N/A
adidas Originals ZX 750,£85.00,Default,N/A
The North Face Men’s Explore Camp Shandals,£90.00,Default,N/A
The North Face Men’s Skeena Sandals II,£50.00,Default,N/A
adidas AE 1 Low,£90.00,Default,N/A
CRUYFF Scorpius,£95.00,Default,N/A
CRUYFF Rayado,£120.00,Default,N/A
CRUYFF Rayado,£120.00,Default,N/A
CRUYFF Superbia,£105.00,Default,N/A
ASICS GEL-KINETIC FLUENT,£180.00,Default,N/A
adidas Originals ZX 600,£90.00,Default,N/A
UGG Goldencoast Clog,£125.00,Default,N/A
Fred Perry Baseline Canvas,£75.00,Default,N/A
Fred Perry B721,£85.00,Default,N/A
adidas Adizero Boston 12,£140.00,Default,N/A
adidas Everyset versatile training shoes,£80.00,Default,N/A
Polo Ralph Lauren Master Court,£130.00,Default,N/A
The North Face Men’s Skeena Sandals II,£50.00,Default,N/A
HOKA Clifton 10,£140.00,Default,N/A
HOKA Clifton 10,£140.00,Default,N/A
Fred Perry Baseline Canvas,£75.00,Default,N/A
Fred Perry B721,£85.00,Default,N/A
HOKA Clifton 10,£140.00,Default,N/A
On Running Cloudvista 2,£140.00,Default,N/A
On Running Cloudswift 4 AD,£150.00,Default,N/A
Jordan Jumpman Slides,£40.00,Default,N/A
EA7 Emporio Armani Vintage,£175.00,Default,N/A
Nike Tiempo Legend Elite 10 FG,£230.00,Default,N/A
PUMA ULTRA 5 Play FG,£50.00,Default,N/A
PUMA Ultra 5 Play TT,£50.00,Default,N/A
New Balance 1000 Cordura,£150.00,Default,N/A
adidas Adilette Slides,£25.00,Default,N/A
adidas Originals Kegler Super,£95.00,Default,N/A
adidas Adilette Comfort Slides,£38.00,Default,N/A
adidas Adilette Comfort Slides,£38.00,Default,N/A
Fred Perry Baseline,£85.00,Default,N/A
Nike Dunk Low Retro SE,£120.00,Default,N/A
Nike Cortez,£80.00,Default,N/A
Nike Air Max Dn8,£175.00,Default,N/A
Nike LD-1000,£90.00,Default,N/A
Nike Shox TL,£165.00,Default,N/A
Jordan Jumpman Slides,£40.00,Default,N/A
Converse CL98,£85.00,Default,N/A
Under Armour Ignite Select Slides,£25.00,Default,N/A
Nike Air Max 90,£145.00,Default,N/A
adidas Adilette Aqua Slides,£20.00,Default,N/A
HOKA Bondi 8,£150.00,Default,N/A
Fred Perry Baseline,£85.00,Default,N/A
Lacoste L003 Neo Shot,£115.00,Default,N/A
New Balance 1000,£150.00,Default,N/A
adidas Originals Forum2000,£90.00,Default,N/A
Converse Star Player 76,£75.00,Default,N/A
Nike Shox TL,£155.00,Default,N/A
Nike Air Force 1 Low,£120.00,Default,N/A
Polo Ralph Lauren Bedford,£120.00,Default,N/A
adidas Originals Adilette Slides,£25.00,Default,N/A
Nike Air Flight 89 Low,£130.00,Default,N/A
adidas Messi F50 League Firm/Multi-Ground Boots,£85.00,Default,N/A
Nike Free Metcon 6,£120.00,Default,N/A
adidas Ultrarun 5 Running Shoes,£70.00,Default,N/A
UGG Tasman Weather Hybrid,£170.00,Default,N/A
adidas Originals ZX 600,£90.00,Default,N/A
DC Shoes Stag,£70.00,Default,N/A
Nike P-6000 SE,£110.00,Default,N/A
PUMA Easy Rider,£100.00,Default,N/A
Vans Premium Old Skool 36,£90.00,Default,N/A
Nike Air Max Dn,£165.00,Default,N/A
Nike Air Pegasus Wave,£135.00,Default,N/A
Nike Shox R4,£135.00,Default,N/A
adidas Samba OG Shoes,£95.00,Default,N/A
adidas Originals Handball Spezial,£90.00,Default,N/A
adidas Originals Handball Spezial,£90.00,Default,N/A
adidas Adizero Aruku Shoes,£110.00,Default,N/A
adidas Adizero Aruku Shoes,£110.00,Default,N/A
adidas Courtblock Shoes,£50.00,Default,N/A
adidas Campus 00s Shoes,£90.00,Default,N/A
Jordan Air 4 RM,£135.00,Default,N/A
adidas Originals Adi Racer,£100.00,Default,N/A
Timberland Mid Lace Up Sneaker,£130.00,Default,N/A
Polo Ralph Lauren Heritage Court,£120.00,Default,N/A
Mallet LDN Kinloch,£150.00,Default,N/A
adidas Adizero Boston 12,£140.00,Default,N/A
New Balance 1906R,£140.00,Default,N/A
adidas Copa Pure 3 Elite FG,£210.00,Default,N/A
adidas Originals Munchen,£90.00,Default,N/A
adidas Originals Munchen,£90.00,Default,N/A
adidas Originals Campus 00s,£90.00,Default,N/A
The North Face Basecamp Slides,£40.00,Default,N/A
CRUYFF Spectra,£110.00,Default,N/A
CRUYFF Fearia Camo,£110.00,Default,N/A
CRUYFF Spectra,£110.00,Default,N/A
CRUYFF Spectra,£110.00,Default,N/A
Vans Authentic,£60.00,Default,N/A
Polo Ralph Lauren Bedford,£120.00,Default,N/A
Nike Air Max Dn8,£175.00,Default,N/A
adidas Runfalcon 5 Running Shoes,£50.00,Default,N/A
adidas Runfalcon 5 Running Shoes,£50.00,Default,N/A
adidas Runfalcon 5 Running Shoes,£50.00,Default,N/A
adidas Terrex TERREX ANYLANDER MID,£85.00,Default,N/A
adidas Terrex Soulstride RAIN.RDY Trail Running Shoes,£90.00,Default,N/A
adidas Adizero SL 2,£110.00,Default,N/A
adidas Terrex TERREX FREE HIKER 2,£180.00,Default,N/A
adidas Terrex Terrex Free Hiker 2.0 Low Gore-Tex Hiking Shoes,£165.00,Default,N/A
Saucony ProGrid Triumph 4,£150.00,Default,N/A
Nike Dunk Low,£110.00,Default,N/A
adidas ADIZERO Boston 13,£140.00,Default,N/A
Reebok AZ II,£65.00,Default,N/A
ASICS GEL-NYC,£150.00,Default,N/A
Nike Pegasus Trail 5 GORE-TEX,£155.00,Default,N/A
ASICS Gel-Venture 6,£95.00,Default,N/A
adidas Originals Samba 'Deutschland',£100.00,Default,N/A
EA7 Emporio Armani B&W Laces Retro,£185.00,Default,N/A
On Running Cloudhorizon,£160.00,Default,N/A
adidas AE 1 Low,£90.00,Default,N/A
ASICS GEL-SEKIRAN,£145.00,Default,N/A
The North Face Base Camp Slides,£40.00,Default,N/A
PUMA Palermo Premium,£80.00,Default,N/A
adidas Galaxy 7 Running Shoes,£45.00,Default,N/A
adidas Supernova Rise 2 Running Shoes,£130.00,Default,N/A
adidas Tracerocker 2.0 Trail Running Shoes,£85.00,Default,N/A
Nike Air Max Dn8,£175.00,Default,N/A
Craft Nordlite Tempo,£145.00,Default,N/A
Craft Pure Trail Hydro,£145.00,Default,N/A
Craft Nordlite Ultra 2,£150.00,Default,N/A
Saucony Hurricane 24,£165.00,Default,N/A
Saucony ProGrid Omni 9 Armor,£165.00,Default,N/A
The North Face Men’s Explore Camp Shandals,£90.00,Default,N/A
The North Face Men’s Skeena Sandals II,£50.00,Default,N/A
Jordan Air 1 Mid,£130.00,Default,N/A
adidas Originals Samba OG,£95.00,Default,N/A
Vans Old Skool Women's,£75.00,Default,N/A
Lacoste Storm 2K,£105.00,Default,N/A
adidas Originals Samba XLG,£100.00,Default,N/A
adidas Originals ZX 750,£85.00,Default,N/A
The North Face Men’s Explore Camp Shandals,£90.00,Default,N/A
The North Face Men’s Skeena Sandals II,£50.00,Default,N/A
adidas AE 1 Low,£90.00,Default,N/A
CRUYFF Scorpius,£95.00,Default,N/A
CRUYFF Rayado,£120.00,Default,N/A
CRUYFF Rayado,£120.00,Default,N/A
CRUYFF Superbia,£105.00,Default,N/A
ASICS GEL-KINETIC FLUENT,£180.00,Default,N/A
adidas Originals ZX 600,£90.00,Default,N/A
UGG Goldencoast Clog,£125.00,Default,N/A
Lacoste L003 Neo Tech,£125.00,Default,N/A
Altra Timp 5,£135.00,Default,N/A
Lacoste L003 2K24,£125.00,Default,N/A
Fred Perry Spencer,£90.00,Default,N/A
Nike Dunk Low BTTYS,£110.00,Default,N/A
adidas Terrex AX4 Beta COLD.RDY Hiking Shoes,£110.00,Default,N/A
Nike Mercurial Vapor 16 Academy FG,£80.00,Default,N/A
UGG Goldencoast Clog,£125.00,Default,N/A
UGG Goldencoast Clog,£125.00,Default,N/A
UGG Tasman,£100.00,Default,N/A
Vans Old Skool,£80.00,Default,N/A
Nike Air Force 1 '07,£120.00,Default,N/A
Vans Old Skool,£70.00,Default,N/A
adidas 4DFWD 4 Running Shoes,£180.00,Default,N/A
adidas 4DFWD 4 Running Shoes,£180.00,Default,N/A
Nike Mercurial Vapor Pro FG,£145.00,Default,N/A
Timberland Mid Lace-Up Chukka Boot,£160.00,Default,N/A
Timberland Field Trekker Low Lace Up Sneaker,£125.00,Default,N/A
adidas F50 Elite Messi FG,£230.00,Default,N/A
Converse Chuck Taylor All Star High,£65.00,Default,N/A
Converse Chuck Taylor All Star Ox,£60.00,Default,N/A
adidas Duramo SL 2 Running Shoes,£55.00,Default,N/A
Vans 66/99/19 Rowley Classic,£70.00,Default,N/A
Nike Air Max 95,£175.00,Default,N/A
adidas Originals Adilette Slides,£25.00,Default,N/A
Nike Air Force 1 '07,£120.00,Default,N/A
Nike Air Force 1 '07 LV8,£120.00,Default,N/A
New Balance Fresh Foam X Hierro V9,£140.00,Default,N/A
adidas Originals BRMD,£90.00,Default,N/A
Under Armour Technical Performa UA HOVR Apparition RTRFTR TC,£120.00,Default,N/A
BOSS Aryeh Slides,£50.00,Default,N/A
BOSS TTNM Evo,£200.00,Default,N/A
The North Face Offtrail Versa,£110.00,Default,N/A
adidas Copa Pure 3 Elite Laceless Firm Ground Boots,£220.00,Default,N/A
adidas Predator Elite FG,£220.00,Default,N/A
adidas Predator Elite Laceless FG,£230.00,Default,N/A
Under Armour Technical Performa UA HOVR Apparition RTRFTR SD,£120.00,Default,N/A
Under Armour Ignite Select Slides,£25.00,Default,N/A
Under Armour Ignite Select Slides,£25.00,Default,N/A
The North Face Men’s Explore Camp Sandals,£80.00,Default,N/A
The North Face Men’s Explore Camp Sandals,£80.00,Default,N/A
adidas F50 Elite FG,£220.00,Default,N/A
adidas F50 Elite FG,£220.00,Default,N/A
adidas F50 League Firm/Multi-Ground Boots,£80.00,Default,N/A
adidas Predator Club FG,£50.00,Default,N/A
adidas Predator Elite FT FG,£240.00,Default,N/A
adidas F50 Pro FG,£130.00,Default,N/A
adidas Copa III Elite FG,£210.00,Default,N/A
PUMA Ultra Ultimate FG,£210.00,Default,N/A
PUMA KING Ultimate FG,£200.00,Default,N/A
BOSS Aryeh Slides,£50.00,Default,N/A
Nike Pegasus 41,£130.00,Default,N/A
On Running Cloudstratus,£170.00,Default,N/A
Reebok Club C Revenge,£80.00,Default,N/A
ASICS GEL-NYC,£150.00,Default,N/A
adidas Predator Elite FT FG,£240.00,Default,N/A
adidas Predator Elite FT FG,£240.00,Default,N/A
adidas Predator Elite FG,£220.00,Default,N/A
adidas Adilette 25 Slides,£60.00,Default,N/A
HOKA Kawana 2,£125.00,Default,N/A
New Balance 1000 Cordura,£150.00,Default,N/A
New Balance 1906 Utility,£155.00,Default,N/A
Nike Air Pegasus Wave,£135.00,Default,N/A
Under Armour Ignite Select Slides,£25.00,Default,N/A
adidas ZX 600 Shoes,£90.00,Default,N/A
adidas ZX 600 Shoes,£90.00,Default,N/A
adidas Mundial Team Boots,£120.00,Default,N/A
The North Face Basecamp Slides,£40.00,Default,N/A
Timberland Mid Lace-Up Chukka Boot,£160.00,Default,N/A
The North Face Men's Offtrail TR GORE-TEX® Trail Running Shoes,£145.00,Default,N/A
adidas Originals Samba OG,£95.00,Default,N/A
Nike Mercurial Superfly 10 Elite FG,£255.00,Default,N/A
adidas Originals Munchen,£90.00,Default,N/A
adidas Originals Munchen,£90.00,Default,N/A
adidas Originals Campus 00s,£90.00,Default,N/A
The North Face Basecamp Slides,£40.00,Default,N/A
CRUYFF Spectra,£110.00,Default,N/A
CRUYFF Fearia Camo,£110.00,Default,N/A
CRUYFF Spectra,£110.00,Default,N/A
CRUYFF Spectra,£110.00,Default,N/A
Vans Authentic,£60.00,Default,N/A
Polo Ralph Lauren Bedford,£120.00,Default,N/A
Nike Air Max Dn8,£175.00,Default,N/A
adidas Runfalcon 5 Running Shoes,£50.00,Default,N/A
adidas Runfalcon 5 Running Shoes,£50.00,Default,N/A
adidas Runfalcon 5 Running Shoes,£50.00,Default,N/A
adidas Terrex TERREX ANYLANDER MID,£85.00,Default,N/A
adidas Terrex Soulstride RAIN.RDY Trail Running Shoes,£90.00,Default,N/A
adidas Adizero SL 2,£110.00,Default,N/A
adidas Terrex TERREX FREE HIKER 2,£180.00,Default,N/A
adidas Terrex Terrex Free Hiker 2.0 Low Gore-Tex Hiking Shoes,£165.00,Default,N/A
Saucony ProGrid Triumph 4,£150.00,Default,N/A
Nike Dunk Low,£110.00,Default,N/A
adidas ADIZERO Boston 13,£140.00,Default,N/A
Reebok AZ II,£65.00,Default,N/A
ASICS GEL-NYC,£150.00,Default,N/A
Nike Pegasus Trail 5 GORE-TEX,£155.00,Default,N/A
ASICS Gel-Venture 6,£95.00,Default,N/A
adidas Originals Samba 'Deutschland',£100.00,Default,N/A
EA7 Emporio Armani B&W Laces Retro,£185.00,Default,N/A
On Running Cloudhorizon,£160.00,Default,N/A
adidas AE 1 Low,£90.00,Default,N/A
ASICS GEL-SEKIRAN,£145.00,Default,N/A
The North Face Base Camp Slides,£40.00,Default,N/A
PUMA Palermo Premium,£80.00,Default,N/A
adidas Galaxy 7 Running Shoes,£45.00,Default,N/A
adidas Supernova Rise 2 Running Shoes,£130.00,Default,N/A
adidas Tracerocker 2.0 Trail Running Shoes,£85.00,Default,N/A
Nike Air Max Dn8,£175.00,Default,N/A
Craft Nordlite Tempo,£145.00,Default,N/A
Craft Pure Trail Hydro,£145.00,Default,N/A
Craft Nordlite Ultra 2,£150.00,Default,N/A
Saucony Hurricane 24,£165.00,Default,N/A
Saucony ProGrid Omni 9 Armor,£165.00,Default,N/A
The North Face Men’s Explore Camp Shandals,£90.00,Default,N/A
The North Face Men’s Skeena Sandals II,£50.00,Default,N/A
Jordan Air 1 Mid,£130.00,Default,N/A
adidas Originals Samba OG,£95.00,Default,N/A
Vans Old Skool Women's,£75.00,Default,N/A
Lacoste Storm 2K,£105.00,Default,N/A
adidas Originals Samba XLG,£100.00,Default,N/A
adidas Originals ZX 750,£85.00,Default,N/A
The North Face Men’s Explore Camp Shandals,£90.00,Default,N/A
The North Face Men’s Skeena Sandals II,£50.00,Default,N/A
adidas AE 1 Low,£90.00,Default,N/A
CRUYFF Scorpius,£95.00,Default,N/A
CRUYFF Rayado,£120.00,Default,N/A
CRUYFF Rayado,£120.00,Default,N/A
CRUYFF Superbia,£105.00,Default,N/A
ASICS GEL-KINETIC FLUENT,£180.00,Default,N/A
adidas Originals ZX 600,£90.00,Default,N/A
UGG Goldencoast Clog,£125.00,Default,N/A
Lacoste L003 Neo Tech,£125.00,Default,N/A
Altra Timp 5,£135.00,Default,N/A
Lacoste L003 2K24,£125.00,Default,N/A
Fred Perry Spencer,£90.00,Default,N/A
Nike Dunk Low BTTYS,£110.00,Default,N/A
adidas Terrex AX4 Beta COLD.RDY Hiking Shoes,£110.00,Default,N/A
Nike Mercurial Vapor 16 Academy FG,£80.00,Default,N/A
UGG Goldencoast Clog,£125.00,Default,N/A
UGG Goldencoast Clog,£125.00,Default,N/A
UGG Tasman,£100.00,Default,N/A
Vans Old Skool,£80.00,Default,N/A
Nike Air Force 1 '07,£120.00,Default,N/A
Vans Old Skool,£70.00,Default,N/A
adidas 4DFWD 4 Running Shoes,£180.00,Default,N/A
adidas 4DFWD 4 Running Shoes,£180.00,Default,N/A
Nike Mercurial Vapor Pro FG,£145.00,Default,N/A
Timberland Mid Lace-Up Chukka Boot,£160.00,Default,N/A
Timberland Field Trekker Low Lace Up Sneaker,£125.00,Default,N/A
adidas F50 Elite Messi FG,£230.00,Default,N/A
Converse Chuck Taylor All Star High,£65.00,Default,N/A
Converse Chuck Taylor All Star Ox,£60.00,Default,N/A
adidas Duramo SL 2 Running Shoes,£55.00,Default,N/A
Vans 66/99/19 Rowley Classic,£70.00,Default,N/A
Nike Air Max 95,£175.00,Default,N/A
adidas Originals Adilette Slides,£25.00,Default,N/A
Nike Air Force 1 '07,£120.00,Default,N/A
Nike Air Force 1 '07 LV8,£120.00,Default,N/A
New Balance Fresh Foam X Hierro V9,£140.00,Default,N/A
adidas Originals BRMD,£90.00,Default,N/A
Under Armour Technical Performa UA HOVR Apparition RTRFTR TC,£120.00,Default,N/A
BOSS Aryeh Slides,£50.00,Default,N/A
BOSS TTNM Evo,£200.00,Default,N/A
The North Face Offtrail Versa,£110.00,Default,N/A
adidas Copa Pure 3 Elite Laceless Firm Ground Boots,£220.00,Default,N/A
adidas Predator Elite FG,£220.00,Default,N/A
adidas Predator Elite Laceless FG,£230.00,Default,N/A
Under Armour Technical Performa UA HOVR Apparition RTRFTR SD,£120.00,Default,N/A
Under Armour Ignite Select Slides,£25.00,Default,N/A
Under Armour Ignite Select Slides,£25.00,Default,N/A
The North Face Men’s Explore Camp Sandals,£80.00,Default,N/A
The North Face Men’s Explore Camp Sandals,£80.00,Default,N/A
adidas F50 Elite FG,£220.00,Default,N/A
adidas F50 Elite FG,£220.00,Default,N/A
adidas F50 League Firm/Multi-Ground Boots,£80.00,Default,N/A
adidas Predator Club FG,£50.00,Default,N/A
adidas Predator Elite FT FG,£240.00,Default,N/A
adidas F50 Pro FG,£130.00,Default,N/A
adidas Copa III Elite FG,£210.00,Default,N/A
PUMA Ultra Ultimate FG,£210.00,Default,N/A
PUMA KING Ultimate FG,£200.00,Default,N/A
BOSS Aryeh Slides,£50.00,Default,N/A
Nike Pegasus 41,£130.00,Default,N/A
On Running Cloudstratus,£170.00,Default,N/A
Reebok Club C Revenge,£80.00,Default,N/A
ASICS GEL-NYC,£150.00,Default,N/A
adidas Predator Elite FT FG,£240.00,Default,N/A
adidas Predator Elite FT FG,£240.00,Default,N/A
adidas Predator Elite FG,£220.00,Default,N/A
adidas Adilette 25 Slides,£60.00,Default,N/A
HOKA Kawana 2,£125.00,Default,N/A
New Balance 1000 Cordura,£150.00,Default,N/A
New Balance 1906 Utility,£155.00,Default,N/A
Nike Air Pegasus Wave,£135.00,Default,N/A
Under Armour Ignite Select Slides,£25.00,Default,N/A
adidas ZX 600 Shoes,£90.00,Default,N/A
adidas ZX 600 Shoes,£90.00,Default,N/A
adidas Mundial Team Boots,£120.00,Default,N/A
The North Face Basecamp Slides,£40.00,Default,N/A
Timberland Mid Lace-Up Chukka Boot,£160.00,Default,N/A
The North Face Men's Offtrail TR GORE-TEX® Trail Running Shoes,£145.00,Default,N/A
adidas Originals Samba OG,£95.00,Default,N/A
Nike Mercurial Superfly 10 Elite FG,£255.00,Default,N/A
Nike React Vision,£130.00,Default,N/A
Nike Air Force 1 Low,£120.00,Default,N/A
Nike Air Force 1 Low,£120.00,Default,N/A
adidas F50 Elite FG,£220.00,Default,N/A
HOKA Clifton 10,£140.00,Default,N/A
HOKA Bondi 8 Caged,£150.00,Default,N/A
BOSS Aryeh Slides,£50.00,Default,N/A
Nike Air Pegasus 2K5 Women's,£135.00,Default,N/A
adidas Originals Megaride O1,£110.00,Default,N/A
adidas Adilette 25 Slides,£60.00,Default,N/A
Nike Air Force 1 Canvas,£110.00,Default,N/A
adidas Adissage Slides,£25.00,Default,N/A
The North Face Vectiv Taraval,£115.00,Default,N/A
Polo Ralph Lauren Train 89,£140.00,Default,N/A
Polo Ralph Lauren Train 89,£140.00,Default,N/A
EA7 Emporio Armani Vintage,£175.00,Default,N/A
adidas Predator Elite FT FG,£240.00,Default,N/A
Converse Chuck Taylor All Star High,£65.00,Default,N/A
PUMA Speedcat OG,£90.00,Default,N/A
adidas Adilette 25 Slides,£60.00,Default,N/A
EA7 Emporio Armani Vintage,£175.00,Default,N/A
Nike Phantom GX Academy FG,£80.00,Default,N/A
PUMA FUTURE 8 Play FG,£55.00,Default,N/A
PUMA ULTRA 5 Match FG,£75.00,Default,N/A
PUMA King Ultimate FG,£200.00,Default,N/A
PUMA King Pro FG,£100.00,Default,N/A
adidas Originals Adilette Slides,£25.00,Default,N/A
adidas Terrex Voyager 21 Travel Shoes,£85.00,Default,N/A
On Running Cloudmonster,£160.00,Default,N/A
adidas Runfalcon 5 Running Shoes,£50.00,Default,N/A
adidas Runfalcon 5 Running Shoes,£50.00,Default,N/A
adidas Runfalcon 5 Running Shoes,£50.00,Default,N/A
ASICS GEL-VENTURE,£105.00,Default,N/A
PUMA FUTURE 8 Match FG,£85.00,Default,N/A
PUMA FUTURE 8 Play TT,£55.00,Default,N/A
adidas Originals Gazelle Indoor,£85.00,Default,N/A
Nike Men's Shoes Air Pegasus 2005 SE,£130.00,Default,N/A
adidas Terrex Trailmaker 2.0 Hiking Shoes,£85.00,Default,N/A
adidas Terrex Men's Trailmaker 2.0 GORE-TEX® Speed Lace Hiking Shoes,£110.00,Default,N/A
adidas Znscape Sandals,£40.00,Default,N/A
Nike Pegasus 41,£130.00,Default,N/A
adidas Adizero SL 2,£110.00,Default,N/A
adidas Copa Mundial Boots,£120.00,Default,N/A
adidas Duramo SL 2 Running Shoes,£55.00,Default,N/A
Crocs x NBA Classic Clog,£60.00,Default,N/A
Crocs x NBA Classic Clog,£60.00,Default,N/A
adidas Originals Stan Smith,£85.00,Default,N/A
Vans Knu Skool Women's,£80.00,Default,N/A
New Balance FuelCell Propel v4,£120.00,Default,N/A
On Running Cloudswift 4 AD,£150.00,Default,N/A
adidas Terrex Terrex Trailmaker 2 GORE-TEX Hiking Shoes,£100.00,Default,N/A
adidas Amplimove VERSATILE Trainer Shoes,£60.00,Default,N/A
DC Shoes Court Graffik,£70.00,Default,N/A
adidas Adilette Lumia Slides,£30.00,Default,N/A
Reebok Court Retro,£60.00,Default,N/A
Jordan Air 1 Mid SE,£135.00,Default,N/A
Jordan Air 1 Low,£120.00,Default,N/A
Jordan Spizike Low,£155.00,Default,N/A
McKenzie Cole,£50.00,Default,N/A
adidas Megaride O1,£110.00,Default,N/A
Nike Pegasus 2K5,£130.00,Default,N/A
adidas Pureboost 5 Running Shoes,£110.00,Default,N/A
adidas Adizero Boston 12,£140.00,Default,N/A
adidas Megaride O1,£110.00,Default,N/A
PUMA ULTRA 5 Ultimate FG,£210.00,Default,N/A
Nike Flight Court,£100.00,Default,N/A
ASICS GEL-Quantum 360 Utility,£180.00,Default,N/A
adidas Adilette Aqua Slides,£20.00,Default,N/A
adidas adidas x Jeremy Scott Samba OG Shoes,£100.00,Default,N/A
Vans Sk8-Hi,£80.00,Default,N/A
New Balance Fresh Foam X Hierro V9,£140.00,Default,N/A
Under Armour Technical Performa UA HOVR Apparition RTRFTR TC,£120.00,Default,N/A
